City,Borough,District
Stockholm,Älvsjö,Herrängen
Stockholm,Älvsjö,Långsjö
Stockholm,Älvsjö,Långbro
Stockholm,Älvsjö,Älvsjö
Stockholm,Älvsjö,Solberga
Stockholm,Älvsjö,Örby Slott
Stockholm,Älvsjö,Liseberg
Stockholm,Bromma,Abrahamsberg
Stockholm,Bromma,Alvik
Stockholm,Bromma,Beckomberga
Stockholm,Bromma,Blackeberg
Stockholm,Bromma,Bromma Kyrka
Stockholm,Bromma,Bällsta
Stockholm,Bromma,Eneby
Stockholm,Bromma,Höglandet
Stockholm,Bromma,Lunda
Stockholm,Bromma,Mariehäll
Stockholm,Bromma,Nockeby
Stockholm,Bromma,Nockebyhov
Stockholm,Bromma,Norra Ängby
Stockholm,Bromma,Olovslund
Stockholm,Bromma,Riksby
Stockholm,Bromma,Smedslätten
Stockholm,Bromma,Stora Mossen
Stockholm,Bromma,Södra Ängby
Stockholm,Bromma,Traneberg
Stockholm,Bromma,Ulvsunda
Stockholm,Bromma,Ulvsunda Industriområde
Stockholm,Bromma,Åkeshov
Stockholm,Bromma,Åkeslund
Stockholm,Bromma,Ålsten
Stockholm,Bromma,Äppelviken
Stockholm,Enskede-Årsta-Vantör,Enskedefältet
Stockholm,Enskede-Årsta-Vantör,Enskede Gård
Stockholm,Enskede-Årsta-Vantör,Gamla Enskede
Stockholm,Enskede-Årsta-Vantör,Johanneshov
Stockholm,Enskede-Årsta-Vantör,Stureby
Stockholm,Enskede-Årsta-Vantör,Årsta
Stockholm,Enskede-Årsta-Vantör,Östberga
Stockholm,Enskede-Årsta-Vantör,Bandhagen
Stockholm,Enskede-Årsta-Vantör,Högdalen
Stockholm,Enskede-Årsta-Vantör,Örby
Stockholm,Enskede-Årsta-Vantör,Rågsved
Stockholm,Enskede-Årsta-Vantör,Hagsätra
Stockholm,Farsta,Fagersjö
Stockholm,Farsta,Farsta
Stockholm,Farsta,Farsta strand
Stockholm,Farsta,Farstanäset
Stockholm,Farsta,Gubbängen
Stockholm,Farsta,Hökarängen
Stockholm,Farsta,Larsboda
Stockholm,Farsta,Sköndal
Stockholm,Farsta,Svedmyra
Stockholm,Farsta,Tallkrogen
Stockholm,Hägersten-Liljeholmen,Aspudden
Stockholm,Hägersten-Liljeholmen,Fruängen
Stockholm,Hägersten-Liljeholmen,Gröndal
Stockholm,Hägersten-Liljeholmen,Hägersten
Stockholm,Hägersten-Liljeholmen,Hägerstensåsen
Stockholm,Hägersten-Liljeholmen,Liljeholmen
Stockholm,Hägersten-Liljeholmen,Midsommarkransen
Stockholm,Hägersten-Liljeholmen,Mälarhöjden
Stockholm,Hägersten-Liljeholmen,Västberga
Stockholm,Hägersten-Liljeholmen,Västertorp
Stockholm,Hässelby-Vällingby,Backlura
Stockholm,Hässelby-Vällingby,Kälvesta
Stockholm,Hässelby-Vällingby,Nälsta
Stockholm,Hässelby-Vällingby,Råcksta
Stockholm,Hässelby-Vällingby,Vinsta
Stockholm,Hässelby-Vällingby,Hässelby
Stockholm,Hässelby-Vällingby,Vällingby
Stockholm,Kungsholmen,Fredhäll
Stockholm,Kungsholmen,Kristineberg
Stockholm,Kungsholmen,Lilla Essingen
Stockholm,Kungsholmen,Marieberg
Stockholm,Kungsholmen,Stadshagen
Stockholm,Kungsholmen,Stora Essingen
Stockholm,Norrmalm,Skeppsholmen
Stockholm,Norrmalm,Vasastaden
Stockholm,Norrmalm,Norrmalm
Stockholm,Östermalm,Djurgården
Stockholm,Östermalm,Hjorthagen
Stockholm,Östermalm,Ladugårdsgärdet
Stockholm,Östermalm,Norra Djurgården
Stockholm,Rinkeby-Kista,Akalla
Stockholm,Rinkeby-Kista,Husby
Stockholm,Rinkeby-Kista,Kista
Stockholm,Rinkeby-Kista,Rinkeby
Stockholm,Skärholmen,Bredäng
Stockholm,Skärholmen,Skärholmen
Stockholm,Skärholmen,Sätra
Stockholm,Skärholmen,Vårberg
Stockholm,Skarpnäck,Bagarmossen
Stockholm,Skarpnäck,Björkhagen
Stockholm,Skarpnäck,Enskededalen
Stockholm,Skarpnäck,Flaten
Stockholm,Skarpnäck,Hammarbyhöjden
Stockholm,Skarpnäck,Kärrtorp
Stockholm,Skarpnäck,Orhem
Stockholm,Skarpnäck,Skarpnäcks Gård
Stockholm,Skarpnäck,Skrubba
Stockholm,Södermalm,Gamla Stan
Stockholm,Södermalm,Långholmen
Stockholm,Södermalm,Reimersholme
Stockholm,Södermalm,Riddarholmen
Stockholm,Södermalm,Årsta holmar
Stockholm,Södermalm,Södra Hammarbyhamnen
Stockholm,Spånga-Tensta,Bromsten
Stockholm,Spånga-Tensta,Flysta
Stockholm,Spånga-Tensta,Lunda
Stockholm,Spånga-Tensta,Solhem
Stockholm,Spånga-Tensta,Sundby
Stockholm,Spånga-Tensta,Akalla
Stockholm,Spånga-Tensta,Tensta
Stockholm,Spånga-Tensta,Husby
